WKT,name,description
"POLYGON ((106.7499913 -6.3439195, 106.748103 -6.3618332, 106.7453564 -6.379917, 106.7429531 -6.4005589, 106.7403782 -6.4067002, 106.7376316 -6.4065296, 106.7317952 -6.4293881, 106.7354 -6.4351878, 106.7290486 -6.470326, 106.7317952 -6.4826068, 106.7352284 -6.4867003, 106.7513646 -6.4945461, 106.7561711 -6.4986395, 106.7647541 -6.4924994, 106.758231 -6.483289, 106.770934 -6.4785132, 106.779517 -6.4747608, 106.7884434 -6.4795366, 106.7874134 -6.4583861, 106.7863835 -6.4495163, 106.7894734 -6.4420109, 106.7980565 -6.4437167, 106.7983998 -6.4553158, 106.7983998 -6.4631621, 106.8021763 -6.4648678, 106.8042363 -6.4771487, 106.8080128 -6.483289, 106.822089 -6.4730551, 106.8292988 -6.4737374, 106.8385685 -6.4648678, 106.8409718 -6.4508809, 106.8351353 -6.4440579, 106.8368519 -6.4327997, 106.8440617 -6.4362113, 106.8540181 -6.4372348, 106.8632878 -6.4078943, 106.865691 -6.3993648, 106.8694676 -6.3881056, 106.8687809 -6.3819641, 106.813506 -6.3700222, 106.7874134 -6.3645629, 106.758231 -6.3563739, 106.7499913 -6.3439195))",Kota Administrasi Depok, Jawa Barat,
